,created_at,text,source,id,retweet_count,reply_count,like_count,quote_count,author_id,name,followers_count,following_count,tweet_count,listed_count,username
0,2021-10-10T13:48:44.000Z,RT @JRTouch: Complaints on STOCK Act violations stack up against members of Congress https://t.co/o9jboOirjg #FoxBusiness,Twitter for iPhone,273130889,1,0,0,0,273130889,scott,804,1460,20740,6,radioscottie
1,2021-10-10T13:48:43.000Z,When execute I sell? Endgame Tactics &amp; Squeeze exit systems w/ @Trey‚Äôs Trades Is $500k a¬†meme? https://t.co/qqFU59C3f3,WordPress.com,1441167871283916805,0,0,0,0,1441167871283916805,StockMarketLeakz,180,288,2739,0,StockLeakz
2,2021-10-10T13:48:43.000Z,RT @pedoqpop: Mengigil gigil air asia topup stock megi nak jual rm8 time dalam flight,Twitter for Android,373821694,515,0,0,0,373821694,Baistra Zeneca,646,580,102971,6,bai_kaizan
3,2021-10-10T13:48:42.000Z,"@ryuzakei layout anime ready stock 12k/ea ava png only ya! bisa q ris juga loh!  chifuyu sold ü§©
https://t.co/g4zexPbP6G",Twitter for Android,1413067968884338689,0,0,0,0,1413067968884338689,taby lagi nunggu req dm,566,596,2567,3,fmlawless
4,2021-10-10T13:48:41.000Z,LOU VS WALL STREET CANCELS APES BECAUSE IT WAS CREATED BY TREYS TRADES‚Ä¶.WHY?? AND AFTER¬†AMC‚Ä¶ https://t.co/K5Srlkv5Jf,WordPress.com,1441167871283916805,0,0,0,0,1441167871283916805,StockMarketLeakz,180,288,2739,0,StockLeakz
5,2021-10-10T13:48:40.000Z,RT @Rothbard1776: I‚Äôm glad US taxpayers bailed out horribly managed airlines who blew all of their profits on stock buybacks and then turne‚Ä¶,Twitter for iPhone,48891295,2361,0,0,0,48891295,Keith Wynn,1874,4676,12715,0,keithgatorman
6,2021-10-10T13:48:40.000Z,MDOSNSOS aku beneran candu panadol sepertinya mari kita stock esok,Twitter for iPhone,1440155063771484166,0,0,0,0,1440155063771484166,angel,89,108,4011,0,sgurugt
7,2021-10-10T13:48:40.000Z,What Occurs if AMC Squeezes For the length of Pre-Market or¬†After-Hours? https://t.co/NNvhOgIQbm,WordPress.com,1441167871283916805,0,0,0,0,1441167871283916805,StockMarketLeakz,180,288,2739,0,StockLeakz
8,2021-10-10T13:48:39.000Z,"RT @Siroos_: Stock icons! I made the fatalis one, but my initial pass on the Rathalos ones didn't follow the style very well so a friend ma‚Ä¶",Twitter for Android,1350917835363647493,5,0,0,0,1350917835363647493,Yago COMMISIONS CLOSED,510,100,2145,1,yagoilustra
9,2021-10-10T13:48:39.000Z,"RT @MatHempell: Hi @stonewalluk, I would also like to know if you've condemned the threats to Professor Stock yet?",Twitter Web App,1346092701930967040,1,0,0,0,1346092701930967040,…•…îƒ±·¥ö,234,185,20266,1,autopaxman
10,2021-10-10T13:48:38.000Z,RT @ANI: Ministry of Coal reassures that ample coal is available in the country to meet the demand of power plants. Any fear of disruption‚Ä¶,Twitter for Android,2878352642,536,0,0,0,2878352642,Ms. Purna/Otunüö©üáÆüá≥üíï,1827,1710,173771,3,sinhapurna13
11,2021-10-10T13:48:37.000Z,"RT @AtticumFloreat: PHOTO OF THE DAY. Students at @SussexUni in actual fear for their lives, take cover in a trench as Professor Kathleen S‚Ä¶",Twitter for iPhone,2471291252,59,0,0,0,2471291252,Adrian,28,255,5286,0,AdrianUK48
12,2021-10-10T13:48:37.000Z,RT @Rothbard1776: I‚Äôm glad US taxpayers bailed out horribly managed airlines who blew all of their profits on stock buybacks and then turne‚Ä¶,Twitter for iPhone,242139557,2361,0,0,0,242139557,CBP1 üåµüá∫üá∏ üåª,165,2074,2425,0,AZCBP
13,2021-10-10T13:48:37.000Z,"RT @JagranNews: ‡§ï‡•á‡§Ç‡§¶‡•ç‡§∞‡•Ä‡§Ø ‡§Æ‡§Ç‡§§‡•ç‡§∞‡•Ä ‡§¨‡•ã‡§≤‡•á, ‡§¨‡§ø‡§ú‡§≤‡•Ä ‡§Ü‡§™‡•Ç‡§∞‡•ç‡§§‡§ø ‡§¨‡§æ‡§ß‡§ø‡§§ ‡§π‡•ã‡§®‡•á ‡§ï‡§æ ‡§ñ‡§§‡§∞‡§æ ‡§¨‡§ø‡§≤‡•ç‡§ï‡•Å‡§≤ ‡§®‡§π‡•Ä‡§Ç, ‡§™‡§∞‡•ç‡§Ø‡§æ‡§™‡•ç‡§§ ‡§Æ‡§æ‡§§‡•ç‡§∞‡§æ ‡§Æ‡•á‡§Ç ‡§Æ‡•å‡§ú‡•Ç‡§¶ ‡§π‡•à ‡§ï‡•ã‡§Ø‡§≤‡•á ‡§ï‡§æ ‡§∏‡•ç‡§ü‡§æ‡§ï

@JoshiPra‚Ä¶",Twitter for Android,2653016426,9,0,0,0,2653016426,PRASHANT KASHYAP,1211,323,572300,11,prashantarchu
14,2021-10-10T13:48:36.000Z,"RT @ActivateVA: ""It's the latest example of a bipartisan trend that has emerged almost 10 years after Congress overwhelmingly passed a law‚Ä¶",Twitter for iPhone,73946146,5,0,0,0,73946146,"Lisa ""ERA"" Sales",1763,5001,37409,19,CABlueBlaze
15,2021-10-10T13:48:35.000Z,RT @CelticNotorious: 45 senators have on average 2 million dollars worth of Pfizer stock.. Now you know why they push mandates that guarant‚Ä¶,Twitter Web App,975845888743505920,1060,0,0,0,975845888743505920,Barry Ripley,785,1211,18795,1,mono68103689
16,2021-10-10T13:48:35.000Z,RT @Rothbard1776: I‚Äôm glad US taxpayers bailed out horribly managed airlines who blew all of their profits on stock buybacks and then turne‚Ä¶,Twitter for iPad,3313849177,2361,0,0,0,3313849177,Old Sales Guy üèåÔ∏è‚Äç‚ôÇÔ∏è,2634,3842,158329,4,old_sales
17,2021-10-10T13:48:34.000Z,"Stock up on toilet paper everyone, another civil war is coming.",Twitter for iPhone,3408741905,0,0,1,0,3408741905,Devin Nunes Mom,15247,10978,69454,4,NotDevinsMom
18,2021-10-10T13:48:34.000Z,"RT @LiquoroseStyle: (211010) BOUQUET SURPRISE from a FAN

Liquorose wears FEAR OF GOD Oversized Flannel Checked Shirt Jacket from Sixth Col‚Ä¶",Twitter for iPhone,1424433314753036299,8,0,0,0,1424433314753036299,Sumwenü¶Åüåπ,168,211,2313,0,Sumwen9
19,2021-10-10T13:48:34.000Z,@jimcramer Someone is stealing your stock advice. https://t.co/GRiK54tRd8,Twitter Web App,1392145915532697608,0,0,0,0,1392145915532697608,Vlad's Getaway PlaneüéÆ,844,903,7369,1,VladPlane
20,2021-10-10T13:48:33.000Z,RT @sjyzeus: dimension : dilemma are out of stock on both ums japan and weverse japan. the only version that is left for pre-order on wever‚Ä¶,Twitter Web App,1412100982637404169,57,0,0,0,1412100982637404169,mochii‚Å∑ DIMENSION: DILEMMA!,48,206,2863,0,mochi_ksn
21,2021-10-10T13:48:33.000Z,"@AmoneyResists @CawthornforNC When an inept President begs OPEC for oil, stock market crude oil prices increase.",Twitter for Android,1029411752100937729,0,0,0,0,1029411752100937729,The Big Dog,62,68,2749,0,BayrdJim
22,2021-10-10T13:48:32.000Z,checked out the last stock hnngh umabot pa,Twitter for Android,566978706,0,0,0,0,566978706,Dallin Jairus ‚úåÔ∏èÔ∏è,748,1461,30431,0,dallanDALLIN
23,2021-10-10T13:48:32.000Z,"$SPCE I‚Äôve made 265k with their alerts, Make as much as you want.100% Free trading chat.-=- https://t.co/yRgFLIKDzF",Twitter Web App,1398542730549137409,0,0,0,0,1398542730549137409,Martins,0,13,1075,0,StockMarketing4
24,2021-10-10T13:48:31.000Z,"@ramzacom @franceinfo Depuis jeudi les su√©dois on suspendu Moderna, mais en pr√©cisant comme l‚ÄôIsland que c‚Äôest suite √† des inflammations b√©nignes et passent d‚Äôelles-m√™mes. En r√©alit√© tous ses gouvernements ont du stock de vaccins et peuvent prendre des pr√©cautions m√™me avec des inflammations b√©nignes.",Twitter for iPhone,1415008008422281217,0,0,0,0,1415008008422281217,bauhaus peter,6,36,1268,0,peter_bauhaus
25,2021-10-10T13:48:31.000Z,"RT @mouseholepress: üö®rare stock alert üö® 

Found *11* copies of the original Artefact printing this morning in a wayward box. DM me if you w‚Ä¶",Twitter for Android,457262439,10,0,0,0,457262439,FIReNVY|Shop.Sciggles.com,1015,1006,20407,6,FIReNVY
26,2021-10-10T13:48:30.000Z,"SmartOptions¬Æ Unusual Activity Alert
(Delayed)

$XOM $62 Calls
01/20/2023 Exp

Trade Volume: 4,000 Contracts

$2,112,000 was traded now.

Current Stock Price: $60.6

Trade Type: Block

Follow the Money &amp; Trade Options with Our SmartOptions¬Æ Ai.
https://t.co/bIuaDk4J16",Twitter,950402063271424003,0,0,0,0,950402063271424003,SmartOptions¬Æ Ai,6563,71,70859,121,SmartOptionsAi
27,2021-10-10T13:48:29.000Z,$MSEX in Uptrend: Stochastic indicator recovers from oversold zone. View odds for this and other indicators: https://t.co/ZKor3hiQh1 #MiddlesexWater #stockmarket #stock #technicalanalysis #money #trading #investing #daytrading #news #today https://t.co/ADTnwamQo4,Tickeron,374729426,0,0,0,0,374729426,Tickeron,11391,756,1367385,232,Tickeron
28,2021-10-10T13:48:28.000Z,@MeidasTouch @ATT The real question is what has their stock done,Twitter for iPhone,1433728469624631299,0,0,0,0,1433728469624631299,LastGreatAbstractExpressionist,50,260,1571,0,JohnCae91113203
29,2021-10-10T13:48:28.000Z,[READY STOCK] SM DDP Collaboration Stardium Goods : Super Junior Badge - Idr : 120.000 https://t.co/GVwrG56McA,twittbot.net,418557339,0,0,0,0,418557339,No Reply Mention,3141,1,108773,6,Starlee_KShop
30,2021-10-10T13:48:27.000Z,Selamat myday yap nya di stock banyak nihh jangan nangis,Twitter for Android,935471834438311936,0,0,0,0,935471834438311936,Rara~,248,710,3704,1,mypiripururu
31,2021-10-10T13:48:27.000Z,"RT @thaskinterest: Siapa nih yang udah baca thread aku review body lotion joselin?

Sekarang aku gak takut lagi belang karena matahari kalo‚Ä¶",Twitter for iPhone,272175737,16,0,0,0,272175737,resthi üåûüåù,1240,690,58631,3,resthir
32,2021-10-10T13:48:27.000Z,"@hoezxvirgo @bertanyarl ini kak ada mirip mirp 
https://t.co/ghU1II3UWX",Twitter Web App,941683853655031809,0,0,0,0,941683853655031809,Barang Shopee,259,219,4340,1,stuffshopee
33,2021-10-10T13:48:25.000Z,"RT @ddckaylee: Still quite a few spooky pairs in stock!

Get yours in time for Halloween! Everything is 20% off thru Halloween!

https://t.‚Ä¶",Twitter Web App,86014484,18,0,0,0,86014484,YASSSSS GOT MY TIX FOR T&F WORLD CHAMPS '22,1569,5002,389766,95,UOTrackFangirl
34,2021-10-10T13:48:25.000Z,"RT @business2invest: Stock Market Contarian Investors Membership Site_Review

Learn More: https://t.co/NRa4iFOKQv

If you actually are broo‚Ä¶",Twitter Web App,1343190919860785152,2,0,0,0,1343190919860785152,Business / Investing,12,7,50,0,business2invest
35,2021-10-10T13:48:24.000Z,"RT @artwolfaja: I would sell a soul to line and color this but no soul left in stock, Now back to comms ‚ö∞Ô∏è 
#ittosara https://t.co/Skh4ZVpd‚Ä¶",Twitter Web App,804457769248161792,804,0,0,0,804457769248161792,‚Äî œÖ…¢ly ‚òÅÔ∏é,135,2850,13910,1,taotao_ly
36,2021-10-10T13:48:23.000Z,@DennisMOLeary Looking for DPLS stock price to outperform the next few years.,Twitter Web App,1325023254906540033,0,0,0,0,1325023254906540033,HarmonyMan,5,10,184,0,HarmonyMan3
37,2021-10-10T13:48:21.000Z,RT @Rothbard1776: I‚Äôm glad US taxpayers bailed out horribly managed airlines who blew all of their profits on stock buybacks and then turne‚Ä¶,Twitter for Android,2231844926,2361,0,0,0,2231844926,DoubleTrouble,55,221,4042,0,spencermoose
38,2021-10-10T13:48:21.000Z,"RT @business2invest: Microcap Millionaires_Review: Penny Stock Strategy Course

Learn More: https://t.co/3udpPjeoDY

Microcap Millionaires‚Ä¶",Twitter Web App,1343190919860785152,2,0,0,0,1343190919860785152,Business / Investing,12,7,50,0,business2invest
39,2021-10-10T13:48:20.000Z,RT @SpeechUnion: RT if you stand in solidarity with Professor Kathleen Stock üôè https://t.co/UWILtRlvLM,Twitter Web App,1318682514110676994,1287,0,0,0,1318682514110676994,Imogen_Greenbreeze30,224,225,2969,0,greenbreeze30
40,2021-10-10T13:48:19.000Z,RT @mermaidariel12s: Hello everyone! Ada gik yang mok order strawberry freeze ngan kmk? 13 packs left!!! Jum support bisnes kecik kmk tok.‚Ä¶,Twitter for Android,934391676134551552,6,0,0,0,934391676134551552,piqah,101,184,1472,0,nafilzatul
41,2021-10-10T13:48:19.000Z,"RT @HomoLittlest: Has Stonewall spoken out against the harassment of Kathleen Stock?
In 6 months Stonewall face trial for the harassment of‚Ä¶",Twitter for iPhone,1358893027285204996,15,0,0,0,1358893027285204996,Michelle Thomson,1908,2814,20251,1,mscots41
42,2021-10-10T13:48:19.000Z,"RT @desix_O825: today, Young K had a weird sequence of experiences, when he went to the salon to get his hair &amp; make-up done, the salon was‚Ä¶",Twitter for iPhone,1295949051360243712,408,0,0,0,1295949051360243712,Nabila üê• SEMI REST (FOKUS SKRIPSI),357,430,16941,1,eajofmyday
43,2021-10-10T13:48:18.000Z,RT @kylegriffin1: California Gov. Gavin Newsom has signed into law a bill that will require all public schools and colleges in the state to‚Ä¶,Twitter for iPhone,89165213,2275,0,0,0,89165213,Jeanette,116,565,3655,17,Nettapple
44,2021-10-10T13:48:18.000Z,RT @CelticNotorious: 45 senators have on average 2 million dollars worth of Pfizer stock.. Now you know why they push mandates that guarant‚Ä¶,Twitter for iPhone,2681368862,1060,0,0,0,2681368862,Antonius Bloch,1597,1202,46625,30,Antonius_Bloch
45,2021-10-10T13:48:18.000Z,"iPhone XR Unlocked WITH Warranty for $329!!
                
https://t.co/84VFnhl7bm 

-all 6 colors in stock!!! https://t.co/Y8fjkNiae2",Deallrr,4198885578,0,0,0,0,4198885578,Deals & Price Mistakes,17063,2,270953,43,deallrr
46,2021-10-10T13:48:17.000Z,"iPhone XR Unlocked WITH Warranty for $329!
                
https://t.co/QzCIRv1ydz 

-all 6 colors in stock!!!! https://t.co/CK7HT0zBGD",Pluggrr,2547110688,0,0,0,0,2547110688,Deals & Price Mistakes,8498,2,302043,14,pluggrr
47,2021-10-10T13:48:17.000Z,"RT @BrianFeroldi: Everyone knows Apple, Amazon, Microsoft...

But how do you find the next $AFRM, $PLTR, or $USPT early?

Here are 9 GREAT‚Ä¶",Twitter for Android,1116965381824901120,145,0,0,0,1116965381824901120,Krymly,66,190,127,0,krymly
48,2021-10-10T13:48:17.000Z,RT @EHRCChair: The anonymous attacks on Professor Kathleen Stock and the campaign to have her fired are disgraceful. Sussex University is r‚Ä¶,Twitter for iPhone,1368222570999410688,175,0,0,0,1368222570999410688,IKnowWhoIAm ü¶ñ,717,1582,3415,0,prioritisewomen
49,2021-10-10T13:48:15.000Z,"RT @LiquoroseStyle: (211010) BOUQUET SURPRISE from a FAN

Liquorose wears FEAR OF GOD Oversized Flannel Checked Shirt Jacket from Sixth Col‚Ä¶",Twitter for iPhone,1180541583172743169,8,0,0,0,1180541583172743169,Dara,128,111,3308,1,daraseemy_J
50,2021-10-10T13:48:14.000Z,"like the logical step would be to get new dungarees but I only want these specific ones and I think New Look stopped doing them bc they've been ""out of stock"" for months and months",Twitter for Android,1087096826,0,1,0,0,1087096826,fae üåø aa6,590,842,25734,2,GhostMeadows
51,2021-10-10T13:48:13.000Z,RT @PTI_News: Punjab Congress chief Navjot Singh Sidhu seeks action against private thermal power plants in state for not maintaining adequ‚Ä¶,Twitter Web App,1176809646658486273,7,0,0,0,1176809646658486273,Bollywood Buzz,1698,2734,194564,3,CricBollyBuzz
52,2021-10-10T13:48:12.000Z,Schools told to stock up on tinned food amid fears of shortages | The Independent https://t.co/zHzNm7kJ5S,Twitter for iPhone,1425863401050345486,0,0,0,0,1425863401050345486,CannaFM,991,1907,15842,1,CannaFM
53,2021-10-10T13:48:12.000Z,"@akidfrom03 Hi. Thank you for reaching out. Unfortunately, we can‚Äôt guarantee if/when an item will be available again. Please check later on https://t.co/o3ZBN8JSBa or call your local Walmart to see if it's back in stock.",Sprinklr Publishing,143528416,0,0,0,0,143528416,Walmart Canada,132111,1570,49587,593,WalmartCanada
54,2021-10-10T13:48:12.000Z,RT @sjyzeus: dimension : dilemma are out of stock on both ums japan and weverse japan. the only version that is left for pre-order on wever‚Ä¶,Twitter for Android,1306959429951041541,57,0,0,0,1306959429951041541,·¥±·¥∫‚ÅªHee‚üó,203,233,27658,0,hee_1seung
55,2021-10-10T13:48:11.000Z,"Big if true...also maybe they have a point? 

I find it hard to believe that any liberal who actually thinks about public policy as it affects non-elite women (in prisons, shelters, etc), &amp; is truly familiar with Stock's work &amp; what she's experienced, would think this is bad. https://t.co/ckFNazsUTi",Twitter Web App,1373359213347549184,0,0,0,0,1373359213347549184,aleph female,409,1467,6353,0,dhegdeer
56,2021-10-10T13:48:10.000Z,"RT @TraderBJones: Let's start with this rule today.
You are NOT suppose to ride a stock being pumped down 40%-80% from it's highs.
You need‚Ä¶",Twitter for iPhone,1316535270225960967,5,0,0,0,1316535270225960967,Gary El Gringo,11,63,471,0,garyelgringo
57,2021-10-10T13:48:08.000Z,"RT @beartrap221: @tokenstate Probably nothing but $HIVE, 2020's Top Crypto Mining Stock, owns 5% of DeFi Technologies &amp; is soon to announce‚Ä¶",Twitter for iPad,1356681166242402312,1,0,0,0,1356681166242402312,FrEdDifFrEnT üî∫,46,898,3972,0,LINKtheHIVE
58,2021-10-10T13:48:08.000Z,"@vsnowdrops halo kak! layout ready stock banyak nih :D jajan yuk? ava udah termasuk jpg+png, mau made by request? bisaaa!
 https://t.co/PBacnflXwk",Twitter for Android,1445400745071849478,0,0,0,0,1445400745071849478,"HAJE, folbek dong bestie",79,83,101,0,kaIamkari
59,2021-10-10T13:48:08.000Z,"RT @asimistudio: Beautiful terracotta terrazzo earrings üòç
Buy 1 get 1 half price on all earrings on our website, until stock lasts ‚ò∫Ô∏è

http‚Ä¶",Twitter for Android,1239492605462958081,34,0,0,0,1239492605462958081,Sibberry,5613,1398,65545,59,Sibberry1
60,2021-10-10T13:48:07.000Z,"RT @Devy_Design: Liaca Dark - update available on Twickd repo

Jailbroken iOS users get it from here - https://t.co/PEICxBo5y8

Stock iOS a‚Ä¶",Twitter for Android,1410223465148424199,5,0,0,0,1410223465148424199,Doraemon,10,109,1411,0,Doraemo_SAM
61,2021-10-10T13:48:07.000Z,Ih happy deh stock AU ku banyak yg baru buat dibaca‚ò∫,Twitter for Android,66673243,0,0,0,0,66673243,Lya‚òÜ,687,389,192737,1,yoonggukiebby
62,2021-10-10T13:48:06.000Z,"RT @_DiegoPe_: Wait ...waitü§î Now you can enlarge your penis üçå without any Medical Treatment with safe and easiest wayüëç
And also enjoy the p‚Ä¶",Twitter for iPhone,4618849341,14,0,0,0,4618849341,Brai Williamsü•µ (170k)üî•,168154,5051,25121,244,braiwilliams0
63,2021-10-10T13:48:06.000Z,RT @BrokenNickMan16: Spencer Rattler's draft stock this season  https://t.co/8ekIvUJKXs,Twitter for iPhone,475376443,1342,0,0,0,475376443,Caleb Vineyard,336,485,6425,2,caleb_vineyard
64,2021-10-10T13:48:05.000Z,"RT @desix_O825: today, Young K had a weird sequence of experiences, when he went to the salon to get his hair &amp; make-up done, the salon was‚Ä¶",Twitter for Android,1395894703711657989,408,0,0,0,1395894703711657989,Nation's Cat Boy üêæ,93,240,1192,0,uri_youngk
65,2021-10-10T13:48:04.000Z,RT @EHRCChair: The anonymous attacks on Professor Kathleen Stock and the campaign to have her fired are disgraceful. Sussex University is r‚Ä¶,Twitter Web App,2271897385,175,0,0,0,2271897385,Dunaldo Albanio Macanucci,3157,3092,347503,21,evolvedpeasant
66,2021-10-10T13:48:03.000Z,"RT @desix_O825: today, Young K had a weird sequence of experiences, when he went to the salon to get his hair &amp; make-up done, the salon was‚Ä¶",Twitter for Android,1350357155644231682,408,0,0,0,1350357155644231682,vivi,9,59,640,0,heyyoungday
67,2021-10-10T13:48:02.000Z,"RT @fromlly: ‚ö°Ô∏èWTS / SELL‚ö°Ô∏è

ATEEZ 6th Mini Album - [ZERO: Fever Part 3]
‚ú®A Ver
‚ú®Diary Ver
‚ú®Z Ver

Sealed + Folded Poster (Poster Lipat)

R‚Ä¶",Twitter for Android,1301444152484179968,2,0,0,0,1301444152484179968,dek joki tugas akuntansi ||ùï≠·µõ,789,844,69675,10,jyvmil
68,2021-10-10T13:48:02.000Z,"RT @GatEngThailand: ‡∏Ñ‡∏≥‡∏®‡∏±‡∏û‡∏ó‡πå‡∏à‡∏≤‡∏Å‡∏Ç‡πà‡∏≤‡∏ß/‡∏ö‡∏ó‡∏Ñ‡∏ß‡∏≤‡∏° ‡∏ó‡∏±‡πâ‡∏á‡∏Ñ‡∏≥‡∏ó‡∏µ‡πà‡πÄ‡∏Ñ‡∏¢‡∏≠‡∏≠‡∏Å‡∏™‡∏≠‡∏ö‡πÅ‡∏•‡∏∞‡∏Ñ‡∏≥‡∏ó‡∏µ‡πà‡∏ô‡πà‡∏≤‡∏™‡∏ô‡πÉ‡∏à‡∏Ñ‡∏£‡∏±‡∏ö
Stock, Hit, As of, Investor, Buzz, To generate buzz, To cau‚Ä¶",Twitter Web App,941255791562055680,232,0,0,0,941255791562055680,bruh,7,100,4969,0,xirpshp
69,2021-10-10T13:48:02.000Z,Kitchen staff asked to stock up on food as labour shortages impact school meals | ITV News https://t.co/d3bpChhkFe,Twitter for iPhone,1425863401050345486,0,0,0,0,1425863401050345486,CannaFM,991,1907,15842,1,CannaFM
70,2021-10-10T13:48:01.000Z,"RT @nicolelampert: Freedom of speech does need limits and while Miller crossed the line (and then some), Stock has not.",Twitter Web App,3022993487,17,0,0,0,3022993487,GoodGirlsDontMakeHistory,1685,1176,51653,12,trudylynch64
71,2021-10-10T13:48:01.000Z,"RT @gatnyu: help rt dong, akunku gk msuk ht

hy, jam 20.00 ak ready stock jamet nct, harganya 8k/ea yah, buat payment bisa all e-wallet. yg‚Ä¶",Twitter for Android,1434152693866500096,83,0,0,0,1434152693866500096,ri ; soon!,217,206,2133,0,bxhyne
72,2021-10-10T13:48:00.000Z,"TREYS TRADES BACK ON FOX BUSINESS, PRESSURE ON THE MEDIA, AND FORBES SAYS APES DONT BUY¬†AMC!!! https://t.co/otJOeWAuNn",WordPress.com,1441167871283916805,0,0,0,0,1441167871283916805,StockMarketLeakz,180,288,2739,0,StockLeakz
73,2021-10-10T13:48:00.000Z,RT @sjyzeus: dimension : dilemma are out of stock on both ums japan and weverse japan. the only version that is left for pre-order on wever‚Ä¶,Twitter for Android,1228521630608969729,57,0,0,0,1228521630608969729,‚Ä¢‚Äø‚Ä¢ |,186,323,6133,1,yangwonhii
74,2021-10-10T13:48:00.000Z,RT @revolupo: Yes to all of this. I've read Kathleen Stock's MATERIAL GIRLS and there nothing transphobic about it.,Twitter Web App,16656656,1,0,0,0,16656656,David Lee Morgan,632,259,3737,20,davidword
75,2021-10-10T13:47:59.000Z,"READY STOCK INACT KOSONGAN Y13 :

https://t.co/vYDDGJkqnk
https://t.co/B4tgeiKgKc
https://t.co/fyZcV8mUKK

ñ£† verif all ( dapat email &amp; pass )
ñ£† mastip 4 desember
ñ£† masuk ht dan mt non moots
ñ£† go green ( - ssb baru ganti usn )
ñ£† dapat wa ba verif

 Y13 = 5k / ea 

#zonajajan",Twitter for iPhone,1394288531636252675,0,0,0,0,1394288531636252675,haru,132,150,548,0,cremekitkat
76,2021-10-10T13:47:59.000Z,RT @MForstater: Back in September 18 when it was first revealed that there was a coordinated effort to get Kathleen Stock &amp; other GC academ‚Ä¶,Twitter for Android,2905092430,82,0,0,0,2905092430,Dolly Dhalay,2378,4649,71858,1,dollydhalay
77,2021-10-10T13:47:59.000Z,@Dontponmyparad1 @AndyOsb97287354 @ProletariatRis1 @FernwoodFreddie @newsmax Best way to follow the bull**** is to follow the money and the stock market. Nancy Pelosi has the same position as #KennyGriffinLied when it comes to the #CitadelScandal in AMC the most manipulated stock. I wonder how they both got the same.,Twitter for Android,1420751657315360789,0,0,0,0,1420751657315360789,Faceless Universe,4,48,531,0,FacelessUniver1
78,2021-10-10T13:47:59.000Z,"RT @TheRealPCB: Gong ceremony at Pakistan Stock Exchange: Chairman PCB Ramiz Raja struck the gong to open trading for Tuesday, October 5.
T‚Ä¶",Twitter for Android,4594967060,131,0,0,0,4594967060,Imran Hossain,140,2364,5346,0,Imran9Afridi
79,2021-10-10T13:47:59.000Z,"RT @cuteescarff: SALE SALE SALE VALID 24JAM üòª‚ÄºÔ∏è

guys , ni la masa you nak kumpul stock bawal bebanyakk since dah kena balik kampus kan üòÜüåà‚Ä¶",Twitter for Android,1316630221773107201,40,0,0,0,1316630221773107201,üè¥,819,993,17178,0,peachtyunoh
80,2021-10-10T13:47:58.000Z,"RT @HMV_Tachikawa: „Äê#INI„Äë
„Éá„Éì„É•„Éº„Ç∑„É≥„Ç∞„É´„Äå#A„Äç11/3Áô∫Â£≤Ê±∫ÂÆöÔºÅ

„ÄêÁâπÂÖ∏„Äë
„ÇØ„É™„Ç¢„Éà„É¨„Ç´ÔºàÂÖ®11Á®Æ„É©„É≥„ÉÄ„É†Ôºâ
 
„ÄêË©≥Á¥∞„Äë https://t.co/FoxeqlbAPu

„Äê3ÂΩ¢ÊÖãÂêåÊôÇË≥ºÂÖ•ÁâπÂÖ∏‰ªò„Åç„Äë
 https://t.co/9u3RLolx‚Ä¶",Twitter Web App,1402250830980345858,31,0,0,0,1402250830980345858,„ÅÇ„Åø„Çì,114,135,3094,0,amin__INI
81,2021-10-10T13:47:58.000Z,"RT @JoshiPralhad: Reviewed coal production &amp; supply situation in the country.

Assuring everyone that there is absolutely no threat of disr‚Ä¶",Twitter for Android,572287883,226,0,0,0,572287883,Hitesh Varma 'Hitu',469,326,4365,0,hituvarma
82,2021-10-10T13:47:58.000Z,"RT @_xAmyListonx_: I start my new job tomorrow so I've spent the past week working on tonnes of new stock, just look at those bookmarks! ü•∞‚Ä¶",Twitter for iPhone,961037214787530753,6,0,0,0,961037214787530753,mel,1109,4265,44346,5,heartbrachers
83,2021-10-10T13:47:58.000Z,"RT @AnnaStolarska9: I know I've said this many times on both this and other accounts but PLEASE STOCK UP

Rice, pasta, tins, dried pulses,‚Ä¶",Twitter for Android,3243414356,93,0,0,0,3243414356,For such a time as this...,345,418,10128,2,shawks63134
84,2021-10-10T13:47:57.000Z,"RT @cadu45actu: Certes, la vaccination ne sert √† rien selon l'OMS...
Mais n'oubliez pas votre 3√®me dose!...on a du stock!üòè",Twitter for Android,1368953711817555971,5,0,0,0,1368953711817555971,Franceadelyne,468,512,43615,3,franceadelyne
85,2021-10-10T13:47:57.000Z,@cheesybunn Aku selalu stock itu buat jualan minuman aku wkwkw,Twitter for Android,805124875530534912,0,0,0,0,805124875530534912,rifqi,748,3401,2407,0,raverova
86,2021-10-10T13:47:57.000Z,"RT @kathmurray1: The police ""have advised me to have cameras on my front door. They have given me advice about moving around. They have put‚Ä¶",Twitter for iPhone,1436433500,336,0,0,0,1436433500,Dennis Noel Kavanagh,15728,2887,35324,61,Jebadoo2
87,2021-10-10T13:47:55.000Z,"@NotJoeRoganShow @caroljsroth @WhatTheBit Propped up??  Massive tax cuts for businesses led to the lowest unemployment in years.  Which, led to a great economy which drove the stock market.  COVID, stimulus, high unemployment = bad economy, inflated stock market.",Twitter for iPhone,948539989150916608,0,0,0,0,948539989150916608,Kirk Barry,132,1049,1568,1,FFostik
88,2021-10-10T13:47:55.000Z,"RT @FuctaLelaki: Total sale jual ubat kote selama 7 bulan. HQ Episor memang terbaik sebab semua order just dalam sistem saje.

Bulan ni sto‚Ä¶",Twitter Web App,921388628,1,0,0,0,921388628,Pedoq Rapopo,175499,4674,318,143,pedoqpop
89,2021-10-10T13:47:54.000Z,"RT @BrianFeroldi: Everyone knows Apple, Amazon, Microsoft...

But how do you find the next $AFRM, $PLTR, or $USPT early?

Here are 9 GREAT‚Ä¶",Twitter for Android,1316513390345416704,145,0,0,0,1316513390345416704,AhmedOmar,3,16,160,0,ia7medomar
90,2021-10-10T13:47:54.000Z,"RT @preterniadotcom: Not in stock to ship, unfortunately, but if your local Target is one of the ones that have a giant stack of GI Joe Cla‚Ä¶",Twitter for Android,1423476554915618816,6,0,0,0,1423476554915618816,Trampas Rose,3,46,135,0,rose_trampas
91,2021-10-10T13:47:53.000Z,RT @sjyzeus: dimension : dilemma are out of stock on both ums japan and weverse japan. the only version that is left for pre-order on wever‚Ä¶,Twitter for Android,1304950847885856768,57,0,0,0,1304950847885856768,hansj-910küí®,864,991,41591,0,jaynoopark
92,2021-10-10T13:47:53.000Z,"RT @business2invest: BTMA Wealth Builders Club_Review: 1 Stock Investing Club

Learn More: https://t.co/uO3BhLPbN6

BTMA Wealth Builders Cl‚Ä¶",Twitter Web App,1343190919860785152,2,0,0,0,1343190919860785152,Business / Investing,12,7,50,0,business2invest
93,2021-10-10T13:47:52.000Z,"RT @diminie_berrie: "" Chicken stock? Is that like a stock option? "" - Kim Namjoon with his 148 IQ pt.2‚ú®‚ú®‚ú®
(Somebody help him plsüíÄ) https://‚Ä¶",Twitter Web App,1407302827441987590,8,0,0,0,1407302827441987590,j-hoe,4,11,93,0,jhopebuckethat
94,2021-10-10T13:47:50.000Z,"@Iarismanis aku ada layout ready stock nih, harganya 2k/each udah dapet ava jpg + png loh, kalo kalian take 3 layout cuma 5k ajaa skuyy
payment bisa all e-wallet dan qris yapp

sold : d, p, q, r, c, f, k, w, i

 https://t.co/8EbWMQiPYc",Twitter for Android,1345575103916982273,0,0,0,0,1345575103916982273,Jea : Open,201,221,2458,0,cosmorenda
95,2021-10-10T13:47:50.000Z,"RT @desix_O825: today, Young K had a weird sequence of experiences, when he went to the salon to get his hair &amp; make-up done, the salon was‚Ä¶",Twitter for Android,1392915691,408,0,0,0,1392915691,som√†#Dija_VuüéÄüáπüá≥üîóüå∫,1750,1358,82957,28,AsmaDaehyun
96,2021-10-10T13:47:50.000Z,RT @Rothbard1776: I‚Äôm glad US taxpayers bailed out horribly managed airlines who blew all of their profits on stock buybacks and then turne‚Ä¶,Twitter for iPhone,1854100508,2361,0,0,0,1854100508,dean king,19,89,5172,1,dkeazy
97,2021-10-10T13:47:49.000Z,Speaking AMC &amp; Stocks With Records Scientist @AndrewMoMoney ! Treyder‚Äôs Podcast Ep.¬†36 https://t.co/eR1C5SP1kc,WordPress.com,1441167871283916805,0,0,0,0,1441167871283916805,StockMarketLeakz,180,288,2739,0,StockLeakz
98,2021-10-10T13:47:46.000Z,"RT @business2invest: ChartMiner_Review: Top Stock Investment Strategy!

Learn More: https://t.co/JfNUGOFAIK

ChartMiner was designed by Dr.‚Ä¶",Twitter Web App,1343190919860785152,2,0,0,0,1343190919860785152,Business / Investing,12,7,50,0,business2invest
99,2021-10-10T13:47:46.000Z,"@kyun9junluv haloo! @shibuyza open order layout nih. ready stock, made by req, scenery, detailed ada semuanya. yuk diceek start 1.500 aja lho! üòç https://t.co/jOTTTHC2Lk",Twitter for Android,1439440012928454656,0,0,0,0,1439440012928454656,ruyi!,213,215,2512,0,galaruyi
