author_id,created_at,created_at_user,location,name,public_metrics_followers_count,public_metrics_following_count,public_metrics_like_count,public_metrics_listed_count,public_metrics_quote_count,public_metrics_reply_count,public_metrics_retweet_count,public_metrics_tweet_count,source,text,tweet_id,username
187896454,2018-12-31T23:59:31.000Z,2010-09-07T12:49:16.000Z,Louisiana,lui toth,39249,42551,2,298,0,0,1,30125,Twitter Web Client,"$BLSP huge volume, closes up 12.5%.  Shares start to thin. Next year runner. $WDBG $MSPC $MYLI $WWIO $NOUV $ONCI $RNVA $NSAV $ACB $SGCP $VAPE $KALY $GTHP  $GGII $AAPL $TSLA $FB $DKSC $GIFX $MSFT $BLPG $RSHN $NNRX $AMZN $AMRN $FUSZ $GTHP $MGTI $BRK.B $COBI $HRI $DNAD $MDIN $MLHC https://t.co/7lLiCJF8gf",1079889823161303047,sprtcrdlui
19593572,2018-12-31T23:58:57.000Z,2009-01-27T14:21:12.000Z,Denver/Colorado/Everywhere,Technoking Tim,25631,26385,0,577,0,0,2,79787,Twitter for iPhone,"RT @Polixenes13: Ross, please just never stop being you. You are a huge danger to $TSLA bears. In the sense that if they start to believe a‚Ä¶",1079889679774871552,TimWJackson
996125781620330500,2018-12-31T23:58:40.000Z,2018-05-14T20:31:08.000Z,"Georgia, USA",TeslaFamily,148,195,2,4,0,0,0,931,Twitter for Android,@kimpaquette I pity the fool that is shorting #tsla right now... https://t.co/QIBYdOaSzj,1079889607515426816,Tesla90801351
407106950,2018-12-31T23:58:31.000Z,2011-11-07T16:59:59.000Z,Scribe to the Sub üëâ,"Darin Tuttle, CFA",1110,1845,1,15,0,0,0,12778,Twitter for iPhone,@lhamtil Rationale for 25% AAPL in high quality tech is ‚ÄúConsumer Brand and An Ecosystem‚Äù works for me,1079889569930072064,Darin_T80
1048766127168475137,2018-12-31T23:58:30.000Z,2018-10-07T02:45:04.000Z,#bitcoin¬†,Seeing the Forest,186,411,0,2,0,0,23,2949,Twitter for iPhone,RT @GerberKawasaki: Nothing better on a #NewYears2019 than listening to the whining of Tesla short losers. LOL. F off. $tsla,1079889565337305088,ThruTheTreez
819956834232508416,2018-12-31T23:55:59.000Z,2017-01-13T17:18:38.000Z,,back from reality,12,31,1,2,0,0,0,367,Twitter for iPad,$TSLA passed 190K model 3 VIN registered. Yeah baaaabeee. https://t.co/0HOIOe45er,1079888934291689472,GunGermSteel
16915272,2018-12-31T23:55:33.000Z,2008-10-22T23:29:59.000Z,,ekestler,126,234,0,5,0,0,10,88656,Twitter for iPad,"RT @evannex_com: A look back at the amazing year we had in the #electricvehicle industry lead by #Tesla #ElonMusk and his team, read here:‚Ä¶",1079888824132661249,ekestler
1072443924566822912,2018-12-31T23:55:19.000Z,2018-12-11T10:52:11.000Z,,camelres,113,641,0,6,0,0,34,5642,Twitter for Android,"RT @TeslaCharts: Fraud. Fraud. Fraud. Fraud. 
$TSLA https://t.co/0kKu70Svce",1079888762648346625,camelres1
461768237,2018-12-31T23:54:06.000Z,2012-01-12T05:04:58.000Z,Designed in California,MacHash,1890,3696,0,156,0,0,0,94385,dlvr.it,FCC to suspend most operations this week due to government shutdown https://t.co/NdgLASs8CI $AAPL https://t.co/c38t4fTeRx,1079888458133327873,MacHashNews
819956834232508416,2018-12-31T23:53:31.000Z,2017-01-13T17:18:38.000Z,,back from reality,12,31,0,2,0,0,0,367,Twitter for iPad,"https://t.co/0HOIOe45er

$TSLA news",1079888311374598144,GunGermSteel
24843079,2018-12-31T23:50:05.000Z,2009-03-17T05:04:24.000Z,,"Dan Stringer, SEC Pimp",7509,2107,0,0,0,0,22,117795,Twitter for iPhone,"RT @4Awesometweet: 79% of Electric Vehicle  tax credits 
were claimed by households with AGI 
of more than $100,000.

-WSJ

ü§î

#tesla $tsla‚Ä¶",1079887447155040256,Danstringer74
984772257414287362,2018-12-31T23:49:52.000Z,2018-04-13T12:36:17.000Z,Chicago,Shill LeBeau,1189,1485,1,17,0,0,0,19262,Twitter Web Client,"Props to @GerberKawasaki for at least spelling ""losers"" correctly $TSLA https://t.co/EGDcS4KgAf",1079887393568755712,Lebeaucarnew
1077703586673577985,2018-12-31T23:48:36.000Z,2018-12-25T23:12:12.000Z,Nomad,Milkywayy,204,89,0,1,0,0,3,419,Twitter for iPhone,RT @stockmarkettv: Tesla Production Numbers Soar! Tesla Family Investors Applaud Price Target $333 Crooks Squeezed! $TSLA https://t.co/qNvy‚Ä¶,1079887073098780673,TravailleMarcel
26440443,2018-12-31T23:44:18.000Z,2009-03-25T05:42:31.000Z,United States,Shannon Powers,82,225,0,0,0,0,3,2030,Twitter for Android,RT @Hein_The_Sayer: @RationalEtienne @rm_natasha @TradrFloridaFIL @Sofiaan @28delayslater @WadeAndersonPT @TSLA_Tom @ICannot_Enough @TrCCpe‚Ä¶,1079885991739940864,rosepaleblue
1214284580,2018-12-31T23:43:57.000Z,2013-02-24T02:46:06.000Z,"Durban, South Africa üáøüá¶",Vaccinated Renaissance Manüíâüò∑,2547,1331,2,15,0,0,0,53716,Twitter for Android,@RationalEtienne @rm_natasha @TradrFloridaFIL @Sofiaan @28delayslater @WadeAndersonPT @TSLA_Tom @ICannot_Enough @TrCCper @kimpaquette @Manic_Marge @JohnnaCrider1 @AngelNDevil2 @ElonsBrain Great! Post pics!üòÅ,1079885905920438272,Hein_The_Slayer
187896454,2018-12-31T23:43:39.000Z,2010-09-07T12:49:16.000Z,Louisiana,lui toth,39249,42551,2,298,1,0,3,30125,Twitter Web Client,"Bottom Filled on $WDBG Closed up 23% , Ready to move above 52 week High .027 $MSPC $MYLI $WWIO $NOUV $ONCI $RNVA $NSAV $ACB $SGCP $VAPE $KALY $GTHP $BLPG $GGII $AAPL $TSLA $FB $DKSC $GIFX $MSFT $BLPG $RSHN $NNRX $AMZN $AMRN $FUSZ $GTHP $MGTI $BRK.B $COBI $HRI $DNAD $MDIN $MLHC https://t.co/mNif7XfObc",1079885830146215936,sprtcrdlui
1042888795501289472,2018-12-31T23:43:19.000Z,2018-09-20T21:30:39.000Z,,Capvalue89,14,923,0,0,0,0,60,1192,Twitter for iPhone,"RT @ElonBachman: Am I hallucinating? $TSLA just named two Theranos investors to its board.

https://t.co/HkkdDwOspw",1079885743437295617,CapitalOnValue
52166491,2018-12-31T23:42:52.000Z,2009-06-29T19:50:44.000Z,"Colorado City, AZ","Hand washing, Social distancing Christ",11103,12347,5,11,0,0,0,20243,Twitter for Android,@Hein_The_Sayer @RationalEtienne @rm_natasha @TradrFloridaFIL @Sofiaan @28delayslater @WadeAndersonPT @TSLA_Tom @ICannot_Enough @kimpaquette @Manic_Marge @JohnnaCrider1 @AngelNDevil2 @ElonsBrain I'm totally gonna do this now! Haha!,1079885632258756608,TrCCper
1057480999943032832,2018-12-31T23:42:50.000Z,2018-10-31T03:54:52.000Z,"California, USA",Pac_Watsonü§ïü§íüò∑,1128,1181,0,15,0,0,14,9015,Twitter for Android,RT @Paul_M_Huettner: Here‚Äôs the tweet @the_scott_davis just posted which could potentially be tax fraud perpetrated by $TSLA. He has since‚Ä¶,1079885624130265089,pac_watson
1020627011008540672,2018-12-31T23:42:45.000Z,2018-07-21T11:10:16.000Z,üåé,üß†,7528,2342,0,56,0,0,3,20949,Twitter for iPhone,RT @Hein_The_Sayer: @RationalEtienne @rm_natasha @TradrFloridaFIL @Sofiaan @28delayslater @WadeAndersonPT @TSLA_Tom @ICannot_Enough @TrCCpe‚Ä¶,1079885602290450432,ElonsBrain
15315204,2018-12-31T23:42:30.000Z,2008-07-04T05:03:23.000Z,"Austin, TX",The Geezer,3612,4997,0,0,0,0,0,259562,Google,A Geezer$ Alert :  AAPL: Will Apple Get Its Mojo Back? https://t.co/EBpuiPQSrO,1079885540957270016,no2l
15315204,2018-12-31T23:42:30.000Z,2008-07-04T05:03:23.000Z,"Austin, TX",The Geezer,3612,4997,0,0,0,0,0,259562,Google,A Geezer$ Alert :  AAPL: How Much Stock Could Apple Have Repurchased In Fourth Quarter? https://t.co/VLX77ZWsX8,1079885539837390854,no2l
52166491,2018-12-31T23:42:27.000Z,2009-06-29T19:50:44.000Z,"Colorado City, AZ","Hand washing, Social distancing Christ",11103,12347,0,11,0,0,3,20243,Twitter for Android,RT @Hein_The_Sayer: @RationalEtienne @rm_natasha @TradrFloridaFIL @Sofiaan @28delayslater @WadeAndersonPT @TSLA_Tom @ICannot_Enough @TrCCpe‚Ä¶,1079885524825890818,TrCCper
666913,2018-12-31T23:42:16.000Z,2007-01-19T19:13:08.000Z,everywhere and nowhere,~C4ChaosüîÜ,6784,6977,0,343,0,0,37,102908,Twitter for iPhone,RT @GerberKawasaki: If my yahoo tells me right. Tesla was one of the best performing stocks in 2018 with a positive return for the year. Va‚Ä¶,1079885478499823616,c4chaos
1214284580,2018-12-31T23:41:58.000Z,2013-02-24T02:46:06.000Z,"Durban, South Africa üáøüá¶",Vaccinated Renaissance Manüíâüò∑,2547,1331,6,15,0,2,3,53716,Twitter for Android,@RationalEtienne @rm_natasha @TradrFloridaFIL @Sofiaan @28delayslater @WadeAndersonPT @TSLA_Tom @ICannot_Enough @TrCCper @kimpaquette @Manic_Marge @JohnnaCrider1 @AngelNDevil2 @ElonsBrain https://t.co/cD8oE558LF,1079885406970228736,Hein_The_Slayer
1730405706,2018-12-31T23:41:53.000Z,2013-09-05T01:31:12.000Z,Online,Justin,2664,568,3,56,0,2,0,27026,Twitter for iPhone,Amusingly High quality clip not sure about the noise at the end. $tsla https://t.co/EDm10RJZA4,1079885382500593664,Trumpery45
55991139,2018-12-31T23:41:34.000Z,2009-07-12T02:10:03.000Z,"Michigan, USA",Grainman Sachs,3305,452,15,69,1,2,0,40915,Twitter Web App,@GerberKawasaki Congrats on a rockin 3.8% gain for $TSLA in 2018 (which all happened since Friday).,1079885303786209280,GrainSurgeon
1058476563690373120,2018-12-31T23:41:23.000Z,2018-11-02T21:50:53.000Z,State of Denial,Reboticon,1765,2068,1,20,0,1,0,29935,Twitter Web Client,"@Gordon_GekkoZ COUGH $TSLA COUGH

Why couldn't I have gotten obsessed with $WATT...",1079885259771138049,Reboticant
1023266600223481856,2018-12-31T23:41:21.000Z,2018-07-28T17:59:03.000Z,,Polixenes,4163,1023,2,102,0,1,0,13389,Twitter Web Client,"@DeanSheikh1 @Jekajojo @schlosta2 @elonmusk @Tesla @WallStCynic @markbspiegel I must say I'm amazed at how @Jekajojo was so ready with the (inapposite) case authority. Any connection to $TSLA, Jeka?",1079885248568135680,Polixenes13
919523760,2018-12-31T23:40:46.000Z,2012-11-01T17:52:10.000Z,Israel,eliranngr,217,325,0,125,0,0,11,11598,Twitter for iPhone,RT @evannex_com: Does it make sense to pull the trigger on a #TeslaModel3 purchase today? Read here: https://t.co/PvVfwzyFjj $TSLA #TeslaMo‚Ä¶,1079885101901725696,eliranngr
